{"initial_reset_timestamp": 1638464708.4884074, "timestamps": [1638464721.7506464], "episode_lengths": [1], "episode_rewards": [-100.0], "episode_types": ["t", "t"]}