{"initial_reset_timestamp": 1638289824.1770558, "timestamps": [1638289836.3572834, 1638289848.5796716, 1638289860.7998242, 1638289873.02368, 1638289885.2020457, 1638289897.4076893, 1638289909.629626, 1638289921.8356748, 1638289934.0289044, 1638289946.2414186], "episode_lengths": [1, 1, 1, 1, 1, 1, 1, 1, 1, 1], "episode_rewards": [-100.0, -100.0, -100.0, -100.0, -100.0, -100.0, -100.0, -100.0, -100.0, -100.0], "episode_types": ["t", "t", "t", "t", "t", "t", "t", "t", "t", "t"]}