{"initial_reset_timestamp": 1640864219.457555, "timestamps": [1640864232.7161438, 1640864251.340334, 1640864264.8390045, 1640864278.2173796, 1640864291.6867235, 1640864305.1635842, 1640864318.5349553, 1640864332.1108902, 1640864345.5371122, 1640864358.9819217, 1640864372.3671048, 1640864385.8286216, 1640864399.313346, 1640864412.7409194, 1640864426.2269514, 1640864439.7567613, 1640864453.1707454, 1640864466.646518, 1640864480.1540594, 1640864493.6579046, 1640864507.2128305, 1640864520.6796982, 1640864534.353692, 1640864547.92149, 1640864561.4761708, 1640864574.8544984, 1640864588.2356477, 1640864601.65602, 1640864615.0903661, 1640864628.5529516, 1640864641.976817, 1640864655.3715332, 1640864668.8528993, 1640864682.2037828, 1640864695.562935, 1640864709.0264177, 1640864722.5506964, 1640864735.9043324, 1640864749.260303, 1640864762.6608756, 1640864776.0944579, 1640864789.6025822, 1640864802.9693465, 1640864816.3181963, 1640864829.8077695, 1640864843.2058065, 1640864856.567085, 1640864869.8572, 1640864883.1293395, 1640864896.4274652, 1640864909.715706, 1640864922.9834905, 1640864936.3250885, 1640864949.6232576, 1640864962.953253, 1640864976.2261837, 1640864989.5242248, 1640865002.7933385, 1640865016.1149228, 1640865029.7028058, 1640865042.9773319, 1640865056.2347476, 1640865069.5204654, 1640865082.7578225, 1640865096.0823936, 1640865109.3889127, 1640865122.7013268, 1640865136.0112832, 1640865149.3408737, 1640865162.636503, 1640865175.9163725, 1640865189.25021, 1640865202.593398, 1640865216.140741, 1640865229.6403909, 1640865243.1017232, 1640865256.6616457, 1640865270.2136226, 1640865284.3810785, 1640865298.2077942, 1640865311.9116926, 1640865325.652012, 1640865339.3936079, 1640865353.5170128, 1640865367.3482876, 1640865381.1711218, 1640865395.0890975, 1640865409.064353, 1640865422.8656127, 1640865436.5864365, 1640865450.412085, 1640865464.2156823, 1640865477.9363766, 1640865491.6591287, 1640865505.4671679, 1640865519.289741, 1640865533.1611454, 1640865547.113325, 1640865561.1861327, 1640865575.0070133, 1640865588.8894298, 1640865602.8608694, 1640865616.6472006, 1640865630.4854596, 1640865644.3384879, 1640865658.2624745, 1640865672.2212012, 1640865686.0142782, 1640865699.8320384, 1640865713.690637, 1640865727.5521367], "episode_lengths": [1, 1, 1, 1, 1, 1, 1, 1, 1, 1, 1, 1, 1, 1, 1, 1, 1, 1, 1, 1, 1, 1, 1, 1, 1, 1, 1, 1, 1, 1, 1, 1, 1, 1, 1, 1, 1, 1, 1, 1, 1, 1, 1, 1, 1, 1, 1, 1, 1, 1, 1, 1, 1, 1, 1, 1, 1, 1, 1, 1, 1, 1, 1, 1, 1, 1, 1, 1, 1, 1, 1, 1, 1, 1, 1, 1, 1, 1, 1, 1, 1, 1, 1, 1, 1, 1, 1, 1, 1, 1, 1, 1, 1, 1, 1, 1, 1, 1, 1, 1, 1, 1, 1, 1, 1, 1, 1, 1, 1, 1, 1], "episode_rewards": [161.90223549353914, 120.56587737536819, 120.55817078277431, 120.55810813576161, 161.88542649547705, 161.8962205740806, 161.8852356363025, 120.56000785770061, 240.767396013727, 120.93102096160544, 189.25256707036914, 120.55320696782809, 120.55765027453154, 161.89347204769183, 283.3154347142311, 283.2220785789033, 161.9006633731758, 229.9524677572703, 161.90870616249416, 1000.0, 120.5546406836624, 120.55100330106075, 120.55937910402551, 175.9471595327733, 175.94442906632372, 174.49670995735516, 166.45670716931065, 161.8907041549174, 163.64666350083894, 120.564037819336, 162.3400668009135, 161.88769247640292, 161.88871440018352, 161.89854681217003, 120.56599239709664, 161.88142499140235, 161.88412362158405, 161.8802583101119, 161.89370833824427, 161.91987276731535, 161.91559948779073, 161.90751434974703, 161.90739502112024, 161.9048986989347, 120.55537371407775, 120.55713952420143, 161.87859840240705, 120.5706205532469, 161.87575768738174, 161.87141689819376, 161.87941991174003, 161.87846733944434, 161.88868132488645, 161.89428456328196, 161.8864229191286, 161.87336044610504, 161.87019018176977, 161.8728866990316, 188.71097814907156, 161.8695393519099, 161.8734093631815, 161.87559425288626, 161.87136090835784, 120.56886023794152, 161.873405966673, 120.57409878534165, 120.57772176213217, 161.87970738502108, 161.87948969032934, 161.87936217804992, 161.87196466045134, 161.87145851094448, 161.89750955630169, 161.89767435052553, 161.92702221447925, 161.89342322787112, 161.90057426918622, 161.96718819667075, 161.93155683357722, 120.54135511347056, 120.54245242932245, 1000.0, 1000.0, 160.4075117324502, 161.92865539275624, 137.52310034925335, 137.51790977782687, 161.93338934053656, 161.92814724086958, 161.9354714872995, 161.92240945512643, 161.9386654300298, 161.93418795298467, 161.9404592185367, 161.93918459120732, 161.9404659884545, 226.32403303255904, 161.9441596127357, 161.93997462380963, 1000.0, 120.51171267122402, 120.51948782883778, 266.9599441674716, 161.94070199028403, 161.93943305490455, 161.94106157229862, 161.93389188340518, 161.9340788242257, 161.9336162346984, 161.93420771826305, 160.44247555091277], "episode_types": ["t", "t", "t", "t", "t", "t", "t", "t", "t", "t", "t", "t", "t", "t", "t", "t", "t", "t", "t", "t", "t", "t", "t", "t", "t", "t", "t", "t", "t", "t", "t", "t", "t", "t", "t", "t", "t", "t", "t", "t", "t", "t", "t", "t", "t", "t", "t", "t", "t", "t", "t", "t", "t", "t", "t", "t", "t", "t", "t", "t", "t", "t", "t", "t", "t", "t", "t", "t", "t", "t", "t", "t", "t", "t", "t", "t", "t", "t", "t", "t", "t", "t", "t", "t", "t", "t", "t", "t", "t", "t", "t", "t", "t", "t", "t", "t", "t", "t", "t", "t", "t", "t", "t", "t", "t", "t", "t", "t", "t", "t", "t"]}