{"initial_reset_timestamp": 1638430241.3088264, "timestamps": [1638430256.6190622, 1638430272.206879, 1638430287.6668262, 1638430303.1097398, 1638430318.503358, 1638430333.8991683], "episode_lengths": [1, 1, 1, 1, 1, 1], "episode_rewards": [-100.0, -100.0, -100.0, -100.0, -100.0, -100.0], "episode_types": ["t", "t", "t", "t", "t", "t", "t"]}