{"initial_reset_timestamp": 1638460011.1495345, "timestamps": [1638460028.382904, 1638460045.825081, 1638460063.1422706, 1638460080.488232, 1638460097.7982705, 1638460115.110221, 1638460132.407989, 1638460149.7164047, 1638460167.062186, 1638460184.3605719], "episode_lengths": [1, 1, 1, 1, 1, 1, 1, 1, 1, 1], "episode_rewards": [-100.0, -100.0, -100.0, -100.0, -100.0, -100.0, -100.0, -100.0, -100.0, -100.0], "episode_types": ["t", "t", "t", "t", "t", "t", "t", "t", "t", "t"]}