{"initial_reset_timestamp": 1638466030.126502, "timestamps": [1638466049.78311, 1638466063.2681587, 1638466076.675057, 1638466090.1006024, 1638466103.515524, 1638466116.909896, 1638466130.3007214, 1638466143.728694, 1638466157.1174507, 1638466170.5717535], "episode_lengths": [1, 1, 1, 1, 1, 1, 1, 1, 1, 1], "episode_rewards": [199.84670960922122, 173.73411945101478, 196.2914546106686, 196.29143388500296, 170.42353067170887, 170.2913679636117, 199.84784717346204, 173.73402116315387, 173.7341911048768, 196.29178251885253], "episode_types": ["t", "t", "t", "t", "t", "t", "t", "t", "t", "t"]}