{"initial_reset_timestamp": 1638345521.3904817, "timestamps": [1638345533.6186228, 1638345546.0247042], "episode_lengths": [1, 1], "episode_rewards": [-100.0, -100.0], "episode_types": ["t", "t", "t"]}