{"initial_reset_timestamp": 1638907251.315866, "timestamps": [1638907264.4113488, 1638907279.5701575, 1638907292.750989, 1638907305.938164, 1638907319.1006138, 1638907332.2711926, 1638907345.4156442, 1638907358.573362, 1638907371.7378542, 1638907384.9048262, 1638907398.0921152, 1638907411.245649, 1638907424.3992207, 1638907437.573615, 1638907450.7632265, 1638907463.9375894, 1638907477.1088288, 1638907490.2795, 1638907503.4534285, 1638907516.6285605, 1638907529.8059108, 1638907542.9838247, 1638907556.14387, 1638907569.2996829, 1638907582.4811924, 1638907595.649158, 1638907608.807419, 1638907621.9769611, 1638907635.1380138, 1638907648.2995434, 1638907661.4819613, 1638907674.65907, 1638907687.8525915, 1638907701.050404, 1638907714.2444623, 1638907727.4439402, 1638907740.6357617, 1638907753.800863, 1638907766.9801435, 1638907780.1615138, 1638907793.3377528, 1638907806.5100262, 1638907819.6813834, 1638907832.856025, 1638907846.0198462, 1638907859.1977894, 1638907872.3865285, 1638907885.5803246, 1638907898.7403407, 1638907911.9549756, 1638907925.1938956, 1638907938.3878675, 1638907951.598833, 1638907964.7837324, 1638907977.9758415, 1638907991.18762, 1638908004.3911033, 1638908017.602461, 1638908030.8219686, 1638908044.0242543, 1638908057.2495093, 1638908070.4811497, 1638908083.7079513, 1638908096.9120169, 1638908110.144519, 1638908123.371794, 1638908136.5785723, 1638908149.802748, 1638908163.0217676, 1638908176.2251265, 1638908189.4552097, 1638908202.653184, 1638908215.8544643, 1638908229.0997326, 1638908242.3019536, 1638908255.5306044, 1638908268.7558246, 1638908282.015417, 1638908295.259913, 1638908308.4788933, 1638908321.7133234, 1638908334.9199154, 1638908348.1680787, 1638908361.3744848, 1638908374.6039014, 1638908387.825389, 1638908401.0726283, 1638908414.2861834, 1638908427.5146933, 1638908440.7602139, 1638908453.9808123, 1638908467.2029133, 1638908480.4318824, 1638908493.6992378, 1638908506.9277666, 1638908520.2159798, 1638908533.4409883, 1638908546.6744866, 1638908559.93359, 1638908573.1874115, 1638908586.4227655, 1638908599.66195, 1638908612.9059978, 1638908626.159872, 1638908639.4198914, 1638908652.6478205, 1638908665.8803232, 1638908679.1482503, 1638908692.4195282, 1638908705.6734645, 1638908718.923424, 1638908732.166527, 1638908745.4500544, 1638908758.7082658, 1638908771.9712672, 1638908785.2288349, 1638908798.4975893, 1638908811.7499676, 1638908825.0266018, 1638908838.2844045, 1638908851.5480812, 1638908864.83113, 1638908878.107026, 1638908891.3874335, 1638908904.6880503, 1638908917.9712896, 1638908931.2430263, 1638908944.5397584, 1638908957.847792, 1638908971.1569889, 1638908984.4392176, 1638908997.7489161, 1638909011.0570562, 1638909024.3420625, 1638909037.660376, 1638909050.973157, 1638909064.2522223, 1638909077.5900688, 1638909090.9131362, 1638909104.2222595, 1638909117.5205755, 1638909130.825879, 1638909144.1457288, 1638909157.461707, 1638909170.7797637, 1638909184.132192, 1638909197.4477916, 1638909210.7690349, 1638909224.095649, 1638909237.397018, 1638909250.739486, 1638909264.084741, 1638909277.4380763, 1638909290.7874675, 1638909304.1497288, 1638909317.474533, 1638909330.8153136, 1638909344.1933346, 1638909357.532269, 1638909370.886522, 1638909384.2151825, 1638909397.5725071, 1638909410.927849, 1638909424.2937026, 1638909437.626614, 1638909451.0028477, 1638909464.3550258, 1638909477.6987004, 1638909491.094355, 1638909504.480348, 1638909517.8381033, 1638909531.227283, 1638909544.5865984, 1638909557.9829369, 1638909571.3250146, 1638909584.68424, 1638909598.0386055, 1638909611.4127457, 1638909624.7744195, 1638909638.14144, 1638909651.5111985, 1638909664.9100738, 1638909678.311737, 1638909691.6887457, 1638909705.0489, 1638909718.4302125, 1638909731.806382, 1638909745.2143862, 1638909758.6203492, 1638909772.0353956, 1638909785.4955988, 1638909798.9049878, 1638909812.2721238, 1638909825.669346, 1638909839.094512, 1638909852.5200667, 1638909865.9575598, 1638909879.3461668, 1638909892.7248266, 1638909906.1086605, 1638909919.5435998, 1638909932.9988399, 1638909946.3915408, 1638909959.8135397, 1638909973.2170708, 1638909986.616824, 1638910000.04797, 1638910013.44578, 1638910026.8862805, 1638910040.294467, 1638910053.757588, 1638910067.2119737, 1638910080.6531534, 1638910094.1103792, 1638910107.5851119, 1638910121.0024328, 1638910134.4344485, 1638910147.9184432, 1638910161.3864644, 1638910174.8162432, 1638910188.294743, 1638910201.772603, 1638910215.2093496, 1638910228.6898375, 1638910242.14916, 1638910255.6379395, 1638910269.1199841, 1638910282.5905726, 1638910296.0316288, 1638910309.511605, 1638910322.9660566, 1638910336.4546347, 1638910349.9144995, 1638910363.3639946, 1638910376.8463097, 1638910390.3532543, 1638910403.8522189, 1638910417.3378031, 1638910430.872056, 1638910444.3391945, 1638910457.855755, 1638910471.3810897, 1638910484.8637226, 1638910498.3395514, 1638910511.8422048, 1638910525.3369756, 1638910538.8530242, 1638910552.3074613, 1638910565.8148363, 1638910579.3404515, 1638910592.881071, 1638910606.376075, 1638910619.877708, 1638910633.3773923, 1638910646.899936, 1638910660.386127, 1638910673.9171374, 1638910687.4349396, 1638910700.9477775, 1638910714.488373, 1638910728.0317514, 1638910741.6198559, 1638910755.180964, 1638910768.771081, 1638910782.291539, 1638910795.8095207, 1638910809.3168812, 1638910822.901294, 1638910836.4631946, 1638910849.9645422, 1638910864.1281803, 1638910878.4282267, 1638910892.5785017, 1638910907.0089505, 1638910921.168161, 1638910935.5048485, 1638910949.9219828, 1638910964.27562, 1638910978.663461, 1638910993.1121914, 1638911007.5463748, 1638911021.7635846, 1638911036.1607757, 1638911050.5792966, 1638911065.0193381, 1638911079.2845922, 1638911093.6815853, 1638911108.1030805, 1638911122.416061, 1638911136.9144583, 1638911151.4147422, 1638911165.7012894, 1638911179.9669778, 1638911194.5339582, 1638911208.8189633, 1638911223.3457823, 1638911237.8828385, 1638911252.3306494, 1638911266.6714072, 1638911281.2143543], "episode_lengths": [1, 1, 1, 1, 1, 1, 1, 1, 1, 1, 1, 1, 1, 1, 1, 1, 1, 1, 1, 1, 1, 1, 1, 1, 1, 1, 1, 1, 1, 1, 1, 1, 1, 1, 1, 1, 1, 1, 1, 1, 1, 1, 1, 1, 1, 1, 1, 1, 1, 1, 1, 1, 1, 1, 1, 1, 1, 1, 1, 1, 1, 1, 1, 1, 1, 1, 1, 1, 1, 1, 1, 1, 1, 1, 1, 1, 1, 1, 1, 1, 1, 1, 1, 1, 1, 1, 1, 1, 1, 1, 1, 1, 1, 1, 1, 1, 1, 1, 1, 1, 1, 1, 1, 1, 1, 1, 1, 1, 1, 1, 1, 1, 1, 1, 1, 1, 1, 1, 1, 1, 1, 1, 1, 1, 1, 1, 1, 1, 1, 1, 1, 1, 1, 1, 1, 1, 1, 1, 1, 1, 1, 1, 1, 1, 1, 1, 1, 1, 1, 1, 1, 1, 1, 1, 1, 1, 1, 1, 1, 1, 1, 1, 1, 1, 1, 1, 1, 1, 1, 1, 1, 1, 1, 1, 1, 1, 1, 1, 1, 1, 1, 1, 1, 1, 1, 1, 1, 1, 1, 1, 1, 1, 1, 1, 1, 1, 1, 1, 1, 1, 1, 1, 1, 1, 1, 1, 1, 1, 1, 1, 1, 1, 1, 1, 1, 1, 1, 1, 1, 1, 1, 1, 1, 1, 1, 1, 1, 1, 1, 1, 1, 1, 1, 1, 1, 1, 1, 1, 1, 1, 1, 1, 1, 1, 1, 1, 1, 1, 1, 1, 1, 1, 1, 1, 1, 1, 1, 1, 1, 1, 1, 1, 1, 1, 1, 1, 1, 1, 1, 1, 1, 1, 1, 1, 1, 1, 1, 1, 1, 1, 1, 1, 1, 1, 1, 1, 1, 1, 1, 1, 1, 1, 1, 1, 1, 1, 1, 1, 1, 1],